[
    [
        {
            "type": "title",
            "bbox": [
                0.203,
                0.134,
                0.797,
                0.183
            ],
            "angle": 0,
            "content": null,
            "poly": [
                345,
                294,
                1354,
                294,
                1354,
                402,
                345,
                402
            ]
        },
        {
            "type": "text",
            "bbox": [
                0.225,
                0.235,
                0.342,
                0.249
            ],
            "angle": 0,
            "content": null,
            "poly": [
                382,
                517,
                581,
                517,
                581,
                547,
                382,
                547
            ]
        },
        {
            "type": "text",
            "bbox": [
                0.21,
                0.25,
                0.376,
                0.276
            ],
            "angle": 0,
            "content": null,
            "poly": [
                357,
                550,
                639,
                550,
                639,
                607,
                357,
                607
            ]
        },
        {
            "type": "text",
            "bbox": [
                0.438,
                0.235,
                0.541,
                0.249
            ],
            "angle": 0,
            "content": null,
            "poly": [
                744,
                517,
                919,
                517,
                919,
                547,
                744,
                547
            ]
        },
        {
            "type": "text",
            "bbox": [
                0.397,
                0.25,
                0.584,
                0.276
            ],
            "angle": 0,
            "content": null,
            "poly": [
                674,
                550,
                992,
                550,
                992,
                607,
                674,
                607
            ]
        },
        {
            "type": "text",
            "bbox": [
                0.638,
                0.235,
                0.776,
                0.249
            ],
            "angle": 0,
            "content": null,
            "poly": [
                1084,
                517,
                1319,
                517,
                1319,
                547,
                1084,
                547
            ]
        },
        {
            "type": "text",
            "bbox": [
                0.604,
                0.25,
                0.811,
                0.276
            ],
            "angle": 0,
            "content": null,
            "poly": [
                1026,
                550,
                1378,
                550,
                1378,
                607,
                1026,
                607
            ]
        },
        {
            "type": "title",
            "bbox": [
                0.46,
                0.313,
                0.538,
                0.329
            ],
            "angle": 0,
            "content": null,
            "poly": [
                782,
                688,
                914,
                688,
                914,
                723,
                782,
                723
            ]
        },
        {
            "type": "text",
            "bbox": [
                0.23,
                0.348,
                0.768,
                0.53
            ],
            "angle": 0,
            "content": null,
            "poly": [
                391,
                765,
                1305,
                765,
                1305,
                1166,
                391,
                1166
            ]
        },
        {
            "type": "title",
            "bbox": [
                0.173,
                0.564,
                0.314,
                0.579
            ],
            "angle": 0,
            "content": null,
            "poly": [
                294,
                1240,
                533,
                1240,
                533,
                1273,
                294,
                1273
            ]
        },
        {
            "type": "text",
            "bbox": [
                0.17,
                0.598,
                0.827,
                0.779
            ],
            "angle": 0,
            "content": null,
            "poly": [
                289,
                1315,
                1405,
                1315,
                1405,
                1713,
                289,
                1713
            ]
        },
        {
            "type": "text",
            "bbox": [
                0.17,
                0.785,
                0.828,
                0.926
            ],
            "angle": 0,
            "content": null,
            "poly": [
                289,
                1727,
                1407,
                1727,
                1407,
                2037,
                289,
                2037
            ]
        },
        {
            "type": "page_number",
            "bbox": [
                0.495,
                0.949,
                0.504,
                0.96
            ],
            "angle": 0,
            "content": null,
            "poly": [
                841,
                2087,
                856,
                2087,
                856,
                2112,
                841,
                2112
            ]
        }
    ],
    [
        {
            "type": "text",
            "bbox": [
                0.171,
                0.104,
                0.825,
                0.175
            ],
            "angle": 0,
            "content": null,
            "poly": [
                290,
                228,
                1402,
                228,
                1402,
                385,
                290,
                385
            ]
        },
        {
            "type": "text",
            "bbox": [
                0.171,
                0.181,
                0.827,
                0.349
            ],
            "angle": 0,
            "content": null,
            "poly": [
                290,
                398,
                1405,
                398,
                1405,
                767,
                290,
                767
            ]
        },
        {
            "type": "text",
            "bbox": [
                0.171,
                0.355,
                0.825,
                0.412
            ],
            "angle": 0,
            "content": null,
            "poly": [
                290,
                781,
                1402,
                781,
                1402,
                906,
                290,
                906
            ]
        },
        {
            "type": "title",
            "bbox": [
                0.172,
                0.434,
                0.308,
                0.451
            ],
            "angle": 0,
            "content": null,
            "poly": [
                292,
                954,
                523,
                954,
                523,
                992,
                292,
                992
            ]
        },
        {
            "type": "text",
            "bbox": [
                0.171,
                0.467,
                0.825,
                0.567
            ],
            "angle": 0,
            "content": null,
            "poly": [
                290,
                1027,
                1402,
                1027,
                1402,
                1247,
                290,
                1247
            ]
        },
        {
            "type": "text",
            "bbox": [
                0.171,
                0.572,
                0.825,
                0.657
            ],
            "angle": 0,
            "content": null,
            "poly": [
                290,
                1258,
                1402,
                1258,
                1402,
                1445,
                290,
                1445
            ]
        },
        {
            "type": "text",
            "bbox": [
                0.171,
                0.663,
                0.825,
                0.747
            ],
            "angle": 0,
            "content": null,
            "poly": [
                290,
                1458,
                1402,
                1458,
                1402,
                1643,
                290,
                1643
            ]
        },
        {
            "type": "title",
            "bbox": [
                0.172,
                0.769,
                0.35,
                0.785
            ],
            "angle": 0,
            "content": null,
            "poly": [
                292,
                1691,
                595,
                1691,
                595,
                1727,
                292,
                1727
            ]
        },
        {
            "type": "text",
            "bbox": [
                0.171,
                0.803,
                0.825,
                0.86
            ],
            "angle": 0,
            "content": null,
            "poly": [
                290,
                1766,
                1402,
                1766,
                1402,
                1892,
                290,
                1892
            ]
        },
        {
            "type": "page_footnote",
            "bbox": [
                0.194,
                0.91,
                0.437,
                0.925
            ],
            "angle": 0,
            "content": null,
            "poly": [
                329,
                2002,
                742,
                2002,
                742,
                2035,
                329,
                2035
            ]
        },
        {
            "type": "page_number",
            "bbox": [
                0.494,
                0.949,
                0.505,
                0.96
            ],
            "angle": 0,
            "content": null,
            "poly": [
                839,
                2087,
                858,
                2087,
                858,
                2112,
                839,
                2112
            ]
        }
    ],
    [
        {
            "type": "title",
            "bbox": [
                0.172,
                0.104,
                0.348,
                0.119
            ],
            "angle": 0,
            "content": null,
            "poly": [
                292,
                228,
                591,
                228,
                591,
                261,
                292,
                261
            ]
        },
        {
            "type": "text",
            "bbox": [
                0.171,
                0.135,
                0.534,
                0.37
            ],
            "angle": 0,
            "content": null,
            "poly": [
                290,
                297,
                907,
                297,
                907,
                814,
                290,
                814
            ]
        },
        {
            "type": "text",
            "bbox": [
                0.171,
                0.378,
                0.534,
                0.533
            ],
            "angle": 0,
            "content": null,
            "poly": [
                290,
                831,
                907,
                831,
                907,
                1172,
                290,
                1172
            ]
        },
        {
            "type": "image",
            "bbox": [
                0.542,
                0.151,
                0.825,
                0.329
            ],
            "angle": 0,
            "content": null
        },
        {
            "type": "image_caption",
            "bbox": [
                0.539,
                0.343,
                0.828,
                0.51
            ],
            "angle": 0,
            "content": null,
            "poly": [
                916,
                754,
                1407,
                754,
                1407,
                1122,
                916,
                1122
            ]
        },
        {
            "type": "title",
            "bbox": [
                0.172,
                0.559,
                0.407,
                0.575
            ],
            "angle": 0,
            "content": null,
            "poly": [
                292,
                1229,
                691,
                1229,
                691,
                1265,
                292,
                1265
            ]
        },
        {
            "type": "text",
            "bbox": [
                0.17,
                0.59,
                0.827,
                0.744
            ],
            "angle": 0,
            "content": null,
            "poly": [
                289,
                1298,
                1405,
                1298,
                1405,
                1636,
                289,
                1636
            ]
        },
        {
            "type": "text",
            "bbox": [
                0.17,
                0.75,
                0.825,
                0.82
            ],
            "angle": 0,
            "content": null,
            "poly": [
                289,
                1650,
                1402,
                1650,
                1402,
                1804,
                289,
                1804
            ]
        },
        {
            "type": "page_footnote",
            "bbox": [
                0.17,
                0.847,
                0.825,
                0.925
            ],
            "angle": 0,
            "content": null,
            "poly": [
                289,
                1863,
                1402,
                1863,
                1402,
                2035,
                289,
                2035
            ]
        },
        {
            "type": "page_number",
            "bbox": [
                0.494,
                0.949,
                0.504,
                0.96
            ],
            "angle": 0,
            "content": null,
            "poly": [
                839,
                2087,
                856,
                2087,
                856,
                2112,
                839,
                2112
            ]
        }
    ],
    [
        {
            "type": "title",
            "bbox": [
                0.172,
                0.104,
                0.427,
                0.119
            ],
            "angle": 0,
            "content": null,
            "poly": [
                292,
                228,
                725,
                228,
                725,
                261,
                292,
                261
            ]
        },
        {
            "type": "text",
            "bbox": [
                0.171,
                0.13,
                0.825,
                0.215
            ],
            "angle": 0,
            "content": null,
            "poly": [
                290,
                286,
                1402,
                286,
                1402,
                473,
                290,
                473
            ]
        },
        {
            "type": "equation",
            "bbox": [
                0.34,
                0.216,
                0.657,
                0.265
            ],
            "angle": 0,
            "content": "\\[\nb_{x,y}^{i} = a_{x,y}^{i} / \\left(k + \\alpha \\sum_{j = \\max (0,i - n / 2)}^{\\min (N - 1,i + n / 2)}(a_{x,y}^{j})^{2}\\right)^{\\beta}\n\\]"
        },
        {
            "type": "text",
            "bbox": [
                0.171,
                0.268,
                0.825,
                0.366
            ],
            "angle": 0,
            "content": null,
            "poly": [
                290,
                589,
                1402,
                589,
                1402,
                805,
                290,
                805
            ]
        },
        {
            "type": "text",
            "bbox": [
                0.171,
                0.372,
                0.825,
                0.442
            ],
            "angle": 0,
            "content": null,
            "poly": [
                290,
                818,
                1402,
                818,
                1402,
                972,
                290,
                972
            ]
        },
        {
            "type": "title",
            "bbox": [
                0.172,
                0.458,
                0.359,
                0.473
            ],
            "angle": 0,
            "content": null,
            "poly": [
                292,
                1007,
                610,
                1007,
                610,
                1040,
                292,
                1040
            ]
        },
        {
            "type": "text",
            "bbox": [
                0.171,
                0.484,
                0.825,
                0.624
            ],
            "angle": 0,
            "content": null,
            "poly": [
                290,
                1064,
                1402,
                1064,
                1402,
                1372,
                290,
                1372
            ]
        },
        {
            "type": "title",
            "bbox": [
                0.172,
                0.64,
                0.359,
                0.653
            ],
            "angle": 0,
            "content": null,
            "poly": [
                292,
                1408,
                610,
                1408,
                610,
                1436,
                292,
                1436
            ]
        },
        {
            "type": "text",
            "bbox": [
                0.171,
                0.665,
                0.825,
                0.749
            ],
            "angle": 0,
            "content": null,
            "poly": [
                290,
                1463,
                1402,
                1463,
                1402,
                1647,
                290,
                1647
            ]
        },
        {
            "type": "text",
            "bbox": [
                0.171,
                0.756,
                0.825,
                0.854
            ],
            "angle": 0,
            "content": null,
            "poly": [
                290,
                1663,
                1402,
                1663,
                1402,
                1878,
                290,
                1878
            ]
        },
        {
            "type": "text",
            "bbox": [
                0.171,
                0.86,
                0.825,
                0.89
            ],
            "angle": 0,
            "content": null,
            "poly": [
                290,
                1892,
                1402,
                1892,
                1402,
                1958,
                290,
                1958
            ]
        },
        {
            "type": "page_footnote",
            "bbox": [
                0.171,
                0.898,
                0.825,
                0.925
            ],
            "angle": 0,
            "content": null,
            "poly": [
                290,
                1975,
                1402,
                1975,
                1402,
                2035,
                290,
                2035
            ]
        },
        {
            "type": "page_number",
            "bbox": [
                0.494,
                0.949,
                0.505,
                0.96
            ],
            "angle": 0,
            "content": null,
            "poly": [
                839,
                2087,
                858,
                2087,
                858,
                2112,
                839,
                2112
            ]
        }
    ],
    [
        {
            "type": "image",
            "bbox": [
                0.174,
                0.101,
                0.825,
                0.259
            ],
            "angle": 0,
            "content": null
        },
        {
            "type": "image_caption",
            "bbox": [
                0.171,
                0.271,
                0.825,
                0.34
            ],
            "angle": 0,
            "content": null,
            "poly": [
                290,
                596,
                1402,
                596,
                1402,
                748,
                290,
                748
            ]
        },
        {
            "type": "text",
            "bbox": [
                0.171,
                0.366,
                0.825,
                0.465
            ],
            "angle": 0,
            "content": null,
            "poly": [
                290,
                805,
                1402,
                805,
                1402,
                1023,
                290,
                1023
            ]
        },
        {
            "type": "title",
            "bbox": [
                0.172,
                0.485,
                0.383,
                0.503
            ],
            "angle": 0,
            "content": null,
            "poly": [
                292,
                1067,
                651,
                1067,
                651,
                1106,
                292,
                1106
            ]
        },
        {
            "type": "text",
            "bbox": [
                0.171,
                0.517,
                0.825,
                0.575
            ],
            "angle": 0,
            "content": null,
            "poly": [
                290,
                1137,
                1402,
                1137,
                1402,
                1265,
                290,
                1265
            ]
        },
        {
            "type": "title",
            "bbox": [
                0.172,
                0.592,
                0.35,
                0.607
            ],
            "angle": 0,
            "content": null,
            "poly": [
                292,
                1302,
                595,
                1302,
                595,
                1335,
                292,
                1335
            ]
        },
        {
            "type": "text",
            "bbox": [
                0.171,
                0.619,
                0.825,
                0.718
            ],
            "angle": 0,
            "content": null,
            "poly": [
                290,
                1361,
                1402,
                1361,
                1402,
                1579,
                290,
                1579
            ]
        },
        {
            "type": "text",
            "bbox": [
                0.171,
                0.723,
                0.825,
                0.85
            ],
            "angle": 0,
            "content": null,
            "poly": [
                290,
                1590,
                1402,
                1590,
                1402,
                1870,
                290,
                1870
            ]
        },
        {
            "type": "text",
            "bbox": [
                0.171,
                0.855,
                0.825,
                0.899
            ],
            "angle": 0,
            "content": null,
            "poly": [
                290,
                1881,
                1402,
                1881,
                1402,
                1977,
                290,
                1977
            ]
        },
        {
            "type": "page_footnote",
            "bbox": [
                0.191,
                0.91,
                0.698,
                0.925
            ],
            "angle": 0,
            "content": null,
            "poly": [
                324,
                2002,
                1186,
                2002,
                1186,
                2035,
                324,
                2035
            ]
        },
        {
            "type": "page_number",
            "bbox": [
                0.494,
                0.949,
                0.504,
                0.96
            ],
            "angle": 0,
            "content": null,
            "poly": [
                839,
                2087,
                856,
                2087,
                856,
                2112,
                839,
                2112
            ]
        }
    ],
    [
        {
            "type": "text",
            "bbox": [
                0.171,
                0.105,
                0.825,
                0.151
            ],
            "angle": 0,
            "content": null,
            "poly": [
                290,
                231,
                1402,
                231,
                1402,
                332,
                290,
                332
            ]
        },
        {
            "type": "equation",
            "bbox": [
                0.389,
                0.156,
                0.609,
                0.174
            ],
            "angle": 0,
            "content": "\\[\n[ \\mathbf {p} _ {1}, \\mathbf {p} _ {2}, \\mathbf {p} _ {3} ] [ \\alpha_ {1} \\lambda_ {1}, \\alpha_ {2} \\lambda_ {2}, \\alpha_ {3} \\lambda_ {3} ] ^ {T}\n\\]"
        },
        {
            "type": "text",
            "bbox": [
                0.171,
                0.179,
                0.825,
                0.263
            ],
            "angle": 0,
            "content": null,
            "poly": [
                290,
                393,
                1402,
                393,
                1402,
                578,
                290,
                578
            ]
        },
        {
            "type": "title",
            "bbox": [
                0.172,
                0.279,
                0.274,
                0.294
            ],
            "angle": 0,
            "content": null,
            "poly": [
                292,
                613,
                465,
                613,
                465,
                646,
                292,
                646
            ]
        },
        {
            "type": "text",
            "bbox": [
                0.171,
                0.305,
                0.825,
                0.485
            ],
            "angle": 0,
            "content": null,
            "poly": [
                290,
                671,
                1402,
                671,
                1402,
                1067,
                290,
                1067
            ]
        },
        {
            "type": "text",
            "bbox": [
                0.171,
                0.492,
                0.825,
                0.522
            ],
            "angle": 0,
            "content": null,
            "poly": [
                290,
                1082,
                1402,
                1082,
                1402,
                1148,
                290,
                1148
            ]
        },
        {
            "type": "title",
            "bbox": [
                0.172,
                0.555,
                0.36,
                0.572
            ],
            "angle": 0,
            "content": null,
            "poly": [
                292,
                1221,
                612,
                1221,
                612,
                1258,
                292,
                1258
            ]
        },
        {
            "type": "text",
            "bbox": [
                0.171,
                0.586,
                0.554,
                0.684
            ],
            "angle": 0,
            "content": null,
            "poly": [
                290,
                1289,
                941,
                1289,
                941,
                1504,
                290,
                1504
            ]
        },
        {
            "type": "image",
            "bbox": [
                0.566,
                0.537,
                0.825,
                0.617
            ],
            "angle": 0,
            "content": null
        },
        {
            "type": "image_caption",
            "bbox": [
                0.564,
                0.631,
                0.825,
                0.713
            ],
            "angle": 0,
            "content": null,
            "poly": [
                958,
                1388,
                1402,
                1388,
                1402,
                1568,
                958,
                1568
            ]
        },
        {
            "type": "equation",
            "bbox": [
                0.177,
                0.689,
                0.545,
                0.724
            ],
            "angle": 0,
            "content": "\\[\nv _ {i + 1} := 0. 9 \\cdot v _ {i} - 0. 0 0 0 5 \\cdot \\epsilon \\cdot w _ {i} - \\epsilon \\cdot \\left\\langle \\frac {\\partial L}{\\partial w} \\right| _ {w _ {i}} \\Bigg \\rangle_ {D _ {i}}\n\\]"
        },
        {
            "type": "equation",
            "bbox": [
                0.177,
                0.727,
                0.329,
                0.74
            ],
            "angle": 0,
            "content": "\\[\nw _ {i + 1} := w _ {i} + v _ {i + 1}\n\\]"
        },
        {
            "type": "text",
            "bbox": [
                0.171,
                0.748,
                0.825,
                0.8
            ],
            "angle": 0,
            "content": null,
            "poly": [
                290,
                1645,
                1402,
                1645,
                1402,
                1760,
                290,
                1760
            ]
        },
        {
            "type": "text",
            "bbox": [
                0.171,
                0.806,
                0.825,
                0.876
            ],
            "angle": 0,
            "content": null,
            "poly": [
                290,
                1773,
                1402,
                1773,
                1402,
                1927,
                290,
                1927
            ]
        },
        {
            "type": "text",
            "bbox": [
                0.171,
                0.882,
                0.825,
                0.926
            ],
            "angle": 0,
            "content": null,
            "poly": [
                290,
                1940,
                1402,
                1940,
                1402,
                2037,
                290,
                2037
            ]
        },
        {
            "type": "page_number",
            "bbox": [
                0.494,
                0.949,
                0.504,
                0.96
            ],
            "angle": 0,
            "content": null,
            "poly": [
                839,
                2087,
                856,
                2087,
                856,
                2112,
                839,
                2112
            ]
        }
    ],
    [
        {
            "type": "text",
            "bbox": [
                0.171,
                0.104,
                0.825,
                0.134
            ],
            "angle": 0,
            "content": null,
            "poly": [
                290,
                228,
                1402,
                228,
                1402,
                294,
                290,
                294
            ]
        },
        {
            "type": "title",
            "bbox": [
                0.172,
                0.157,
                0.27,
                0.173
            ],
            "angle": 0,
            "content": null,
            "poly": [
                292,
                345,
                459,
                345,
                459,
                380,
                292,
                380
            ]
        },
        {
            "type": "text",
            "bbox": [
                0.171,
                0.191,
                0.825,
                0.277
            ],
            "angle": 0,
            "content": null,
            "poly": [
                290,
                420,
                1402,
                420,
                1402,
                609,
                290,
                609
            ]
        },
        {
            "type": "text",
            "bbox": [
                0.171,
                0.296,
                0.545,
                0.421
            ],
            "angle": 0,
            "content": null,
            "poly": [
                290,
                651,
                926,
                651,
                926,
                926,
                290,
                926
            ]
        },
        {
            "type": "text",
            "bbox": [
                0.171,
                0.421,
                0.825,
                0.519
            ],
            "angle": 0,
            "content": null,
            "poly": [
                290,
                926,
                1402,
                926,
                1402,
                1141,
                290,
                1141
            ]
        },
        {
            "type": "table",
            "bbox": [
                0.555,
                0.291,
                0.825,
                0.354
            ],
            "angle": 0,
            "content": "<table><tr><td>Model</td><td>Top-1</td><td>Top-5</td></tr><tr><td>Sparse coding [2]</td><td>47.1%</td><td>28.2%</td></tr><tr><td>SIFT + FVs [24]</td><td>45.7%</td><td>25.7%</td></tr><tr><td>CNN</td><td>37.5%</td><td>17.0%</td></tr></table>"
        },
        {
            "type": "table_caption",
            "bbox": [
                0.554,
                0.365,
                0.825,
                0.407
            ],
            "angle": 0,
            "content": null,
            "poly": [
                941,
                803,
                1402,
                803,
                1402,
                895,
                941,
                895
            ]
        },
        {
            "type": "text",
            "bbox": [
                0.171,
                0.525,
                0.396,
                0.718
            ],
            "angle": 0,
            "content": null,
            "poly": [
                290,
                1155,
                673,
                1155,
                673,
                1579,
                290,
                1579
            ]
        },
        {
            "type": "table",
            "bbox": [
                0.406,
                0.542,
                0.822,
                0.634
            ],
            "angle": 0,
            "content": "<table><tr><td>Model</td><td>Top-1 (val)</td><td>Top-5 (val)</td><td>Top-5 (test)</td></tr><tr><td>SIFT + FVs [7]</td><td>—</td><td>—</td><td>26.2%</td></tr><tr><td>1 CNN</td><td>40.7%</td><td>18.2%</td><td>—</td></tr><tr><td>5 CNNs</td><td>38.1%</td><td>16.4%</td><td>16.4%</td></tr><tr><td>1 CNN*</td><td>39.0%</td><td>16.6%</td><td>—</td></tr><tr><td>7 CNNs*</td><td>36.7%</td><td>15.4%</td><td>15.3%</td></tr></table>"
        },
        {
            "type": "table_caption",
            "bbox": [
                0.404,
                0.643,
                0.825,
                0.7
            ],
            "angle": 0,
            "content": null,
            "poly": [
                686,
                1414,
                1402,
                1414,
                1402,
                1540,
                686,
                1540
            ]
        },
        {
            "type": "text",
            "bbox": [
                0.171,
                0.719,
                0.825,
                0.748
            ],
            "angle": 0,
            "content": null,
            "poly": [
                290,
                1581,
                1402,
                1581,
                1402,
                1645,
                290,
                1645
            ]
        },
        {
            "type": "title",
            "bbox": [
                0.172,
                0.768,
                0.379,
                0.784
            ],
            "angle": 0,
            "content": null,
            "poly": [
                292,
                1689,
                644,
                1689,
                644,
                1724,
                292,
                1724
            ]
        },
        {
            "type": "text",
            "bbox": [
                0.171,
                0.796,
                0.825,
                0.881
            ],
            "angle": 0,
            "content": null,
            "poly": [
                290,
                1751,
                1402,
                1751,
                1402,
                1938,
                290,
                1938
            ]
        },
        {
            "type": "page_footnote",
            "bbox": [
                0.172,
                0.897,
                0.825,
                0.924
            ],
            "angle": 0,
            "content": null,
            "poly": [
                292,
                1973,
                1402,
                1973,
                1402,
                2032,
                292,
                2032
            ]
        },
        {
            "type": "page_number",
            "bbox": [
                0.494,
                0.949,
                0.505,
                0.96
            ],
            "angle": 0,
            "content": null,
            "poly": [
                839,
                2087,
                858,
                2087,
                858,
                2112,
                839,
                2112
            ]
        }
    ],
    [
        {
            "type": "image",
            "bbox": [
                0.177,
                0.102,
                0.478,
                0.293
            ],
            "angle": 0,
            "content": null
        },
        {
            "type": "image",
            "bbox": [
                0.48,
                0.102,
                0.822,
                0.291
            ],
            "angle": 0,
            "content": null
        },
        {
            "type": "image_caption",
            "bbox": [
                0.171,
                0.307,
                0.825,
                0.377
            ],
            "angle": 0,
            "content": null,
            "poly": [
                290,
                675,
                1402,
                675,
                1402,
                829,
                290,
                829
            ]
        },
        {
            "type": "text",
            "bbox": [
                0.171,
                0.408,
                0.825,
                0.479
            ],
            "angle": 0,
            "content": null,
            "poly": [
                290,
                897,
                1402,
                897,
                1402,
                1053,
                290,
                1053
            ]
        },
        {
            "type": "text",
            "bbox": [
                0.171,
                0.485,
                0.825,
                0.597
            ],
            "angle": 0,
            "content": null,
            "poly": [
                290,
                1067,
                1402,
                1067,
                1402,
                1313,
                290,
                1313
            ]
        },
        {
            "type": "text",
            "bbox": [
                0.171,
                0.603,
                0.825,
                0.675
            ],
            "angle": 0,
            "content": null,
            "poly": [
                290,
                1326,
                1402,
                1326,
                1402,
                1485,
                290,
                1485
            ]
        },
        {
            "type": "title",
            "bbox": [
                0.172,
                0.7,
                0.295,
                0.716
            ],
            "angle": 0,
            "content": null,
            "poly": [
                292,
                1540,
                501,
                1540,
                501,
                1575,
                292,
                1575
            ]
        },
        {
            "type": "text",
            "bbox": [
                0.171,
                0.736,
                0.825,
                0.807
            ],
            "angle": 0,
            "content": null,
            "poly": [
                290,
                1619,
                1402,
                1619,
                1402,
                1775,
                290,
                1775
            ]
        },
        {
            "type": "text",
            "bbox": [
                0.171,
                0.813,
                0.826,
                0.925
            ],
            "angle": 0,
            "content": null,
            "poly": [
                290,
                1788,
                1404,
                1788,
                1404,
                2035,
                290,
                2035
            ]
        },
        {
            "type": "page_number",
            "bbox": [
                0.494,
                0.949,
                0.504,
                0.96
            ],
            "angle": 0,
            "content": null,
            "poly": [
                839,
                2087,
                856,
                2087,
                856,
                2112,
                839,
                2112
            ]
        }
    ],
    [
        {
            "type": "title",
            "bbox": [
                0.174,
                0.105,
                0.254,
                0.119
            ],
            "angle": 0,
            "content": null,
            "poly": [
                295,
                231,
                431,
                231,
                431,
                261,
                295,
                261
            ]
        },
        {
            "type": "ref_text",
            "bbox": [
                0.182,
                0.125,
                0.825,
                0.151
            ],
            "angle": 0,
            "content": null,
            "poly": [
                309,
                275,
                1402,
                275,
                1402,
                332,
                309,
                332
            ]
        },
        {
            "type": "ref_text",
            "bbox": [
                0.182,
                0.152,
                0.825,
                0.176
            ],
            "angle": 0,
            "content": null,
            "poly": [
                309,
                334,
                1402,
                334,
                1402,
                387,
                309,
                387
            ]
        },
        {
            "type": "ref_text",
            "bbox": [
                0.182,
                0.177,
                0.603,
                0.19
            ],
            "angle": 0,
            "content": null,
            "poly": [
                309,
                389,
                1025,
                389,
                1025,
                418,
                309,
                418
            ]
        },
        {
            "type": "ref_text",
            "bbox": [
                0.182,
                0.191,
                0.825,
                0.216
            ],
            "angle": 0,
            "content": null,
            "poly": [
                309,
                420,
                1402,
                420,
                1402,
                475,
                309,
                475
            ]
        },
        {
            "type": "ref_text",
            "bbox": [
                0.182,
                0.217,
                0.825,
                0.242
            ],
            "angle": 0,
            "content": null,
            "poly": [
                309,
                477,
                1402,
                477,
                1402,
                532,
                309,
                532
            ]
        },
        {
            "type": "ref_text",
            "bbox": [
                0.182,
                0.242,
                0.825,
                0.268
            ],
            "angle": 0,
            "content": null,
            "poly": [
                309,
                532,
                1402,
                532,
                1402,
                589,
                309,
                589
            ]
        },
        {
            "type": "ref_text",
            "bbox": [
                0.182,
                0.268,
                0.825,
                0.293
            ],
            "angle": 0,
            "content": null,
            "poly": [
                309,
                589,
                1402,
                589,
                1402,
                644,
                309,
                644
            ]
        },
        {
            "type": "ref_text",
            "bbox": [
                0.182,
                0.294,
                0.825,
                0.33
            ],
            "angle": 0,
            "content": null,
            "poly": [
                309,
                646,
                1402,
                646,
                1402,
                726,
                309,
                726
            ]
        },
        {
            "type": "ref_text",
            "bbox": [
                0.182,
                0.331,
                0.825,
                0.357
            ],
            "angle": 0,
            "content": null,
            "poly": [
                309,
                728,
                1402,
                728,
                1402,
                785,
                309,
                785
            ]
        },
        {
            "type": "ref_text",
            "bbox": [
                0.174,
                0.358,
                0.825,
                0.383
            ],
            "angle": 0,
            "content": null,
            "poly": [
                295,
                787,
                1402,
                787,
                1402,
                842,
                295,
                842
            ]
        },
        {
            "type": "ref_text",
            "bbox": [
                0.174,
                0.383,
                0.825,
                0.408
            ],
            "angle": 0,
            "content": null,
            "poly": [
                295,
                842,
                1402,
                842,
                1402,
                897,
                295,
                897
            ]
        },
        {
            "type": "ref_text",
            "bbox": [
                0.174,
                0.409,
                0.825,
                0.434
            ],
            "angle": 0,
            "content": null,
            "poly": [
                295,
                899,
                1402,
                899,
                1402,
                954,
                295,
                954
            ]
        },
        {
            "type": "ref_text",
            "bbox": [
                0.175,
                0.435,
                0.773,
                0.447
            ],
            "angle": 0,
            "content": null,
            "poly": [
                297,
                957,
                1314,
                957,
                1314,
                983,
                297,
                983
            ]
        },
        {
            "type": "ref_text",
            "bbox": [
                0.175,
                0.448,
                0.825,
                0.471
            ],
            "angle": 0,
            "content": null,
            "poly": [
                297,
                985,
                1402,
                985,
                1402,
                1036,
                297,
                1036
            ]
        },
        {
            "type": "ref_text",
            "bbox": [
                0.175,
                0.473,
                0.825,
                0.51
            ],
            "angle": 0,
            "content": null,
            "poly": [
                297,
                1040,
                1402,
                1040,
                1402,
                1122,
                297,
                1122
            ]
        },
        {
            "type": "ref_text",
            "bbox": [
                0.175,
                0.511,
                0.825,
                0.55
            ],
            "angle": 0,
            "content": null,
            "poly": [
                297,
                1124,
                1402,
                1124,
                1402,
                1210,
                297,
                1210
            ]
        },
        {
            "type": "ref_text",
            "bbox": [
                0.175,
                0.55,
                0.825,
                0.587
            ],
            "angle": 0,
            "content": null,
            "poly": [
                297,
                1210,
                1402,
                1210,
                1402,
                1291,
                297,
                1291
            ]
        },
        {
            "type": "ref_text",
            "bbox": [
                0.175,
                0.588,
                0.825,
                0.625
            ],
            "angle": 0,
            "content": null,
            "poly": [
                297,
                1293,
                1402,
                1293,
                1402,
                1375,
                297,
                1375
            ]
        },
        {
            "type": "ref_text",
            "bbox": [
                0.175,
                0.626,
                0.825,
                0.663
            ],
            "angle": 0,
            "content": null,
            "poly": [
                297,
                1377,
                1402,
                1377,
                1402,
                1458,
                297,
                1458
            ]
        },
        {
            "type": "ref_text",
            "bbox": [
                0.175,
                0.664,
                0.825,
                0.69
            ],
            "angle": 0,
            "content": null,
            "poly": [
                297,
                1460,
                1402,
                1460,
                1402,
                1517,
                297,
                1517
            ]
        },
        {
            "type": "ref_text",
            "bbox": [
                0.175,
                0.69,
                0.825,
                0.716
            ],
            "angle": 0,
            "content": null,
            "poly": [
                297,
                1517,
                1402,
                1517,
                1402,
                1575,
                297,
                1575
            ]
        },
        {
            "type": "ref_text",
            "bbox": [
                0.175,
                0.716,
                0.825,
                0.753
            ],
            "angle": 0,
            "content": null,
            "poly": [
                297,
                1575,
                1402,
                1575,
                1402,
                1656,
                297,
                1656
            ]
        },
        {
            "type": "ref_text",
            "bbox": [
                0.175,
                0.754,
                0.825,
                0.779
            ],
            "angle": 0,
            "content": null,
            "poly": [
                297,
                1658,
                1402,
                1658,
                1402,
                1713,
                297,
                1713
            ]
        },
        {
            "type": "ref_text",
            "bbox": [
                0.175,
                0.78,
                0.825,
                0.816
            ],
            "angle": 0,
            "content": null,
            "poly": [
                297,
                1716,
                1402,
                1716,
                1402,
                1795,
                297,
                1795
            ]
        },
        {
            "type": "ref_text",
            "bbox": [
                0.175,
                0.818,
                0.825,
                0.856
            ],
            "angle": 0,
            "content": null,
            "poly": [
                297,
                1799,
                1402,
                1799,
                1402,
                1883,
                297,
                1883
            ]
        },
        {
            "type": "ref_text",
            "bbox": [
                0.175,
                0.856,
                0.825,
                0.893
            ],
            "angle": 0,
            "content": null,
            "poly": [
                297,
                1883,
                1402,
                1883,
                1402,
                1964,
                297,
                1964
            ]
        },
        {
            "type": "list",
            "bbox": [
                0.174,
                0.125,
                0.825,
                0.893
            ],
            "angle": 0,
            "content": null
        },
        {
            "type": "page_number",
            "bbox": [
                0.494,
                0.949,
                0.505,
                0.96
            ],
            "angle": 0,
            "content": null,
            "poly": [
                839,
                2087,
                858,
                2087,
                858,
                2112,
                839,
                2112
            ]
        }
    ]
]