[
    [
        {
            "type": "header",
            "bbox": [
                0.667,
                0.048,
                0.917,
                0.069
            ],
            "angle": 0,
            "content": null,
            "poly": [
                1103,
                107,
                1516,
                107,
                1516,
                154,
                1103,
                154
            ]
        },
        {
            "type": "title",
            "bbox": [
                0.197,
                0.152,
                0.787,
                0.246
            ],
            "angle": 0,
            "content": null,
            "poly": [
                325,
                341,
                1301,
                341,
                1301,
                552,
                325,
                552
            ]
        },
        {
            "type": "text",
            "bbox": [
                0.425,
                0.277,
                0.591,
                0.294
            ],
            "angle": 0,
            "content": null,
            "poly": [
                702,
                621,
                977,
                621,
                977,
                660,
                702,
                660
            ]
        },
        {
            "type": "text",
            "bbox": [
                0.446,
                0.3,
                0.57,
                0.317
            ],
            "angle": 0,
            "content": null,
            "poly": [
                737,
                673,
                942,
                673,
                942,
                711,
                737,
                711
            ]
        },
        {
            "type": "text",
            "bbox": [
                0.098,
                0.348,
                0.501,
                0.719
            ],
            "angle": 0,
            "content": null,
            "poly": [
                162,
                781,
                828,
                781,
                828,
                1614,
                162,
                1614
            ]
        },
        {
            "type": "text",
            "bbox": [
                0.098,
                0.722,
                0.5,
                0.852
            ],
            "angle": 0,
            "content": null,
            "poly": [
                162,
                1620,
                827,
                1620,
                827,
                1912,
                162,
                1912
            ]
        },
        {
            "type": "text",
            "bbox": [
                0.514,
                0.349,
                0.918,
                0.77
            ],
            "angle": 0,
            "content": null,
            "poly": [
                850,
                783,
                1518,
                783,
                1518,
                1728,
                850,
                1728
            ]
        },
        {
            "type": "text",
            "bbox": [
                0.514,
                0.774,
                0.917,
                0.906
            ],
            "angle": 0,
            "content": null,
            "poly": [
                850,
                1737,
                1516,
                1737,
                1516,
                2033,
                850,
                2033
            ]
        },
        {
            "type": "page_footnote",
            "bbox": [
                0.099,
                0.863,
                0.305,
                0.877
            ],
            "angle": 0,
            "content": null,
            "poly": [
                163,
                1937,
                504,
                1937,
                504,
                1968,
                163,
                1968
            ]
        },
        {
            "type": "page_footnote",
            "bbox": [
                0.101,
                0.878,
                0.429,
                0.892
            ],
            "angle": 0,
            "content": null,
            "poly": [
                167,
                1971,
                709,
                1971,
                709,
                2002,
                167,
                2002
            ]
        },
        {
            "type": "page_footnote",
            "bbox": [
                0.101,
                0.893,
                0.411,
                0.907
            ],
            "angle": 0,
            "content": null,
            "poly": [
                167,
                2004,
                679,
                2004,
                679,
                2036,
                167,
                2036
            ]
        },
        {
            "type": "list",
            "bbox": [
                0.099,
                0.863,
                0.429,
                0.907
            ],
            "angle": 0,
            "content": null
        },
        {
            "type": "footer",
            "bbox": [
                0.1,
                0.963,
                0.275,
                0.978
            ],
            "angle": 0,
            "content": null,
            "poly": [
                165,
                2161,
                454,
                2161,
                454,
                2195,
                165,
                2195
            ]
        },
        {
            "type": "page_number",
            "bbox": [
                0.909,
                0.959,
                0.937,
                0.973
            ],
            "angle": 0,
            "content": null,
            "poly": [
                1503,
                2152,
                1549,
                2152,
                1549,
                2184,
                1503,
                2184
            ]
        }
    ],
    [
        {
            "type": "header",
            "bbox": [
                0.058,
                0.042,
                0.114,
                0.064
            ],
            "angle": 0,
            "content": null,
            "poly": [
                95,
                94,
                188,
                94,
                188,
                143,
                95,
                143
            ]
        },
        {
            "type": "header",
            "bbox": [
                0.179,
                0.048,
                0.428,
                0.069
            ],
            "angle": 0,
            "content": null,
            "poly": [
                296,
                107,
                707,
                107,
                707,
                154,
                296,
                154
            ]
        },
        {
            "type": "image",
            "bbox": [
                0.085,
                0.112,
                0.898,
                0.476
            ],
            "angle": 0,
            "content": null
        },
        {
            "type": "image_caption",
            "bbox": [
                0.343,
                0.479,
                0.637,
                0.493
            ],
            "angle": 0,
            "content": null,
            "poly": [
                567,
                1075,
                1053,
                1075,
                1053,
                1106,
                567,
                1106
            ]
        },
        {
            "type": "title",
            "bbox": [
                0.081,
                0.497,
                0.482,
                0.52
            ],
            "angle": 0,
            "content": null,
            "poly": [
                133,
                1115,
                797,
                1115,
                797,
                1167,
                133,
                1167
            ]
        },
        {
            "type": "text",
            "bbox": [
                0.08,
                0.537,
                0.484,
                0.648
            ],
            "angle": 0,
            "content": null,
            "poly": [
                132,
                1205,
                800,
                1205,
                800,
                1454,
                132,
                1454
            ]
        },
        {
            "type": "text",
            "bbox": [
                0.497,
                0.501,
                0.899,
                0.648
            ],
            "angle": 0,
            "content": null,
            "poly": [
                822,
                1124,
                1486,
                1124,
                1486,
                1454,
                822,
                1454
            ]
        },
        {
            "type": "table_caption",
            "bbox": [
                0.327,
                0.656,
                0.652,
                0.67
            ],
            "angle": 0,
            "content": null,
            "poly": [
                540,
                1472,
                1078,
                1472,
                1078,
                1504,
                540,
                1504
            ]
        },
        {
            "type": "table",
            "bbox": [
                0.083,
                0.672,
                0.898,
                0.791
            ],
            "angle": 0,
            "content": "<table><tr><td>行业</td><td>主要应用场景</td></tr><tr><td>银行业</td><td>知识图谱全景信用评价、风险智能预警和处置、反欺诈检测、智能投顾、企业关系挖掘、客户行为预测与精准营销、生物识别无感支付</td></tr><tr><td>证券业</td><td>人脸识别开户、证件识别验证、办公助手、客户咨询自动回复、反洗钱、关联交易分析、财经新闻情感分析、智能合同审查、监管文件自动解析</td></tr><tr><td>保险业</td><td>智能投保评估、智能营销推广、智能产品设计、自动化材料审核、智能理赔</td></tr><tr><td>投资与资产管理（证券投资基金、 风险投资、私募股权投资等）</td><td>智能投研、报告纪要自动生成、算法交易、投资组合优化、市场风险预测、内部知识管理、多层次图谱检索公司信息、智能估值、智能选股</td></tr></table>"
        },
        {
            "type": "text",
            "bbox": [
                0.08,
                0.8,
                0.482,
                0.909
            ],
            "angle": 0,
            "content": null,
            "poly": [
                132,
                1796,
                797,
                1796,
                797,
                2040,
                132,
                2040
            ]
        },
        {
            "type": "text",
            "bbox": [
                0.497,
                0.8,
                0.899,
                0.908
            ],
            "angle": 0,
            "content": null,
            "poly": [
                822,
                1796,
                1486,
                1796,
                1486,
                2038,
                822,
                2038
            ]
        },
        {
            "type": "page_number",
            "bbox": [
                0.062,
                0.959,
                0.086,
                0.973
            ],
            "angle": 0,
            "content": null,
            "poly": [
                102,
                2152,
                142,
                2152,
                142,
                2184,
                102,
                2184
            ]
        }
    ],
    [
        {
            "type": "header",
            "bbox": [
                0.668,
                0.048,
                0.917,
                0.069
            ],
            "angle": 0,
            "content": null,
            "poly": [
                1104,
                107,
                1516,
                107,
                1516,
                154,
                1104,
                154
            ]
        },
        {
            "type": "text",
            "bbox": [
                0.1,
                0.112,
                0.499,
                0.128
            ],
            "angle": 0,
            "content": null,
            "poly": [
                165,
                251,
                825,
                251,
                825,
                287,
                165,
                287
            ]
        },
        {
            "type": "title",
            "bbox": [
                0.1,
                0.143,
                0.3,
                0.163
            ],
            "angle": 0,
            "content": null,
            "poly": [
                165,
                321,
                496,
                321,
                496,
                365,
                165,
                365
            ]
        },
        {
            "type": "text",
            "bbox": [
                0.098,
                0.171,
                0.499,
                0.262
            ],
            "angle": 0,
            "content": null,
            "poly": [
                162,
                383,
                825,
                383,
                825,
                588,
                162,
                588
            ]
        },
        {
            "type": "title",
            "bbox": [
                0.1,
                0.267,
                0.175,
                0.282
            ],
            "angle": 0,
            "content": null,
            "poly": [
                165,
                599,
                289,
                599,
                289,
                633,
                165,
                633
            ]
        },
        {
            "type": "text",
            "bbox": [
                0.098,
                0.286,
                0.501,
                0.699
            ],
            "angle": 0,
            "content": null,
            "poly": [
                162,
                642,
                828,
                642,
                828,
                1569,
                162,
                1569
            ]
        },
        {
            "type": "title",
            "bbox": [
                0.1,
                0.704,
                0.176,
                0.718
            ],
            "angle": 0,
            "content": null,
            "poly": [
                165,
                1580,
                291,
                1580,
                291,
                1611,
                165,
                1611
            ]
        },
        {
            "type": "text",
            "bbox": [
                0.098,
                0.722,
                0.5,
                0.909
            ],
            "angle": 0,
            "content": null,
            "poly": [
                162,
                1620,
                827,
                1620,
                827,
                2040,
                162,
                2040
            ]
        },
        {
            "type": "text",
            "bbox": [
                0.514,
                0.112,
                0.916,
                0.185
            ],
            "angle": 0,
            "content": null,
            "poly": [
                850,
                251,
                1515,
                251,
                1515,
                415,
                850,
                415
            ]
        },
        {
            "type": "title",
            "bbox": [
                0.516,
                0.189,
                0.593,
                0.204
            ],
            "angle": 0,
            "content": null,
            "poly": [
                853,
                424,
                980,
                424,
                980,
                457,
                853,
                457
            ]
        },
        {
            "type": "text",
            "bbox": [
                0.514,
                0.208,
                0.917,
                0.451
            ],
            "angle": 0,
            "content": null,
            "poly": [
                850,
                466,
                1516,
                466,
                1516,
                1012,
                850,
                1012
            ]
        },
        {
            "type": "title",
            "bbox": [
                0.516,
                0.455,
                0.593,
                0.47
            ],
            "angle": 0,
            "content": null,
            "poly": [
                853,
                1021,
                980,
                1021,
                980,
                1055,
                853,
                1055
            ]
        },
        {
            "type": "text",
            "bbox": [
                0.514,
                0.474,
                0.917,
                0.755
            ],
            "angle": 0,
            "content": null,
            "poly": [
                850,
                1064,
                1516,
                1064,
                1516,
                1694,
                850,
                1694
            ]
        },
        {
            "type": "title",
            "bbox": [
                0.516,
                0.769,
                0.718,
                0.788
            ],
            "angle": 0,
            "content": null,
            "poly": [
                853,
                1726,
                1187,
                1726,
                1187,
                1769,
                853,
                1769
            ]
        },
        {
            "type": "text",
            "bbox": [
                0.549,
                0.796,
                0.871,
                0.812
            ],
            "angle": 0,
            "content": null,
            "poly": [
                908,
                1787,
                1440,
                1787,
                1440,
                1822,
                908,
                1822
            ]
        },
        {
            "type": "title",
            "bbox": [
                0.516,
                0.816,
                0.628,
                0.832
            ],
            "angle": 0,
            "content": null,
            "poly": [
                853,
                1831,
                1038,
                1831,
                1038,
                1867,
                853,
                1867
            ]
        },
        {
            "type": "text",
            "bbox": [
                0.514,
                0.836,
                0.917,
                0.909
            ],
            "angle": 0,
            "content": null,
            "poly": [
                850,
                1876,
                1516,
                1876,
                1516,
                2040,
                850,
                2040
            ]
        },
        {
            "type": "page_number",
            "bbox": [
                0.909,
                0.958,
                0.94,
                0.976
            ],
            "angle": 0,
            "content": null,
            "poly": [
                1503,
                2150,
                1554,
                2150,
                1554,
                2191,
                1503,
                2191
            ]
        }
    ],
    [
        {
            "type": "header",
            "bbox": [
                0.058,
                0.042,
                0.116,
                0.064
            ],
            "angle": 0,
            "content": null,
            "poly": [
                95,
                94,
                191,
                94,
                191,
                143,
                95,
                143
            ]
        },
        {
            "type": "header",
            "bbox": [
                0.178,
                0.048,
                0.428,
                0.068
            ],
            "angle": 0,
            "content": null,
            "poly": [
                294,
                107,
                707,
                107,
                707,
                152,
                294,
                152
            ]
        },
        {
            "type": "text",
            "bbox": [
                0.08,
                0.112,
                0.482,
                0.261
            ],
            "angle": 0,
            "content": null,
            "poly": [
                132,
                251,
                797,
                251,
                797,
                585,
                132,
                585
            ]
        },
        {
            "type": "title",
            "bbox": [
                0.082,
                0.264,
                0.193,
                0.28
            ],
            "angle": 0,
            "content": null,
            "poly": [
                135,
                592,
                319,
                592,
                319,
                628,
                135,
                628
            ]
        },
        {
            "type": "text",
            "bbox": [
                0.08,
                0.283,
                0.482,
                0.395
            ],
            "angle": 0,
            "content": null,
            "poly": [
                132,
                635,
                797,
                635,
                797,
                886,
                132,
                886
            ]
        },
        {
            "type": "title",
            "bbox": [
                0.081,
                0.398,
                0.192,
                0.413
            ],
            "angle": 0,
            "content": null,
            "poly": [
                133,
                893,
                317,
                893,
                317,
                927,
                133,
                927
            ]
        },
        {
            "type": "text",
            "bbox": [
                0.08,
                0.416,
                0.482,
                0.546
            ],
            "angle": 0,
            "content": null,
            "poly": [
                132,
                933,
                797,
                933,
                797,
                1225,
                132,
                1225
            ]
        },
        {
            "type": "title",
            "bbox": [
                0.081,
                0.56,
                0.283,
                0.581
            ],
            "angle": 0,
            "content": null,
            "poly": [
                133,
                1257,
                468,
                1257,
                468,
                1304,
                133,
                1304
            ]
        },
        {
            "type": "text",
            "bbox": [
                0.08,
                0.588,
                0.482,
                0.623
            ],
            "angle": 0,
            "content": null,
            "poly": [
                132,
                1320,
                797,
                1320,
                797,
                1398,
                132,
                1398
            ]
        },
        {
            "type": "title",
            "bbox": [
                0.082,
                0.627,
                0.192,
                0.642
            ],
            "angle": 0,
            "content": null,
            "poly": [
                135,
                1407,
                317,
                1407,
                317,
                1441,
                135,
                1441
            ]
        },
        {
            "type": "text",
            "bbox": [
                0.08,
                0.646,
                0.482,
                0.794
            ],
            "angle": 0,
            "content": null,
            "poly": [
                132,
                1450,
                797,
                1450,
                797,
                1782,
                132,
                1782
            ]
        },
        {
            "type": "title",
            "bbox": [
                0.082,
                0.798,
                0.192,
                0.813
            ],
            "angle": 0,
            "content": null,
            "poly": [
                135,
                1791,
                317,
                1791,
                317,
                1825,
                135,
                1825
            ]
        },
        {
            "type": "text",
            "bbox": [
                0.08,
                0.817,
                0.482,
                0.909
            ],
            "angle": 0,
            "content": null,
            "poly": [
                132,
                1834,
                797,
                1834,
                797,
                2040,
                132,
                2040
            ]
        },
        {
            "type": "text",
            "bbox": [
                0.497,
                0.112,
                0.898,
                0.166
            ],
            "angle": 0,
            "content": null,
            "poly": [
                822,
                251,
                1485,
                251,
                1485,
                372,
                822,
                372
            ]
        },
        {
            "type": "title",
            "bbox": [
                0.499,
                0.17,
                0.608,
                0.186
            ],
            "angle": 0,
            "content": null,
            "poly": [
                825,
                381,
                1005,
                381,
                1005,
                417,
                825,
                417
            ]
        },
        {
            "type": "text",
            "bbox": [
                0.497,
                0.189,
                0.899,
                0.356
            ],
            "angle": 0,
            "content": null,
            "poly": [
                822,
                424,
                1486,
                424,
                1486,
                799,
                822,
                799
            ]
        },
        {
            "type": "title",
            "bbox": [
                0.501,
                0.361,
                0.593,
                0.376
            ],
            "angle": 0,
            "content": null,
            "poly": [
                828,
                810,
                980,
                810,
                980,
                844,
                828,
                844
            ]
        },
        {
            "type": "text",
            "bbox": [
                0.497,
                0.379,
                0.899,
                0.509
            ],
            "angle": 0,
            "content": null,
            "poly": [
                822,
                850,
                1486,
                850,
                1486,
                1142,
                822,
                1142
            ]
        },
        {
            "type": "title",
            "bbox": [
                0.497,
                0.523,
                0.794,
                0.543
            ],
            "angle": 0,
            "content": null,
            "poly": [
                822,
                1174,
                1313,
                1174,
                1313,
                1219,
                822,
                1219
            ]
        },
        {
            "type": "text",
            "bbox": [
                0.497,
                0.551,
                0.899,
                0.605
            ],
            "angle": 0,
            "content": null,
            "poly": [
                822,
                1236,
                1486,
                1236,
                1486,
                1358,
                822,
                1358
            ]
        },
        {
            "type": "title",
            "bbox": [
                0.499,
                0.609,
                0.574,
                0.624
            ],
            "angle": 0,
            "content": null,
            "poly": [
                825,
                1367,
                949,
                1367,
                949,
                1400,
                825,
                1400
            ]
        },
        {
            "type": "text",
            "bbox": [
                0.496,
                0.628,
                0.899,
                0.909
            ],
            "angle": 0,
            "content": null,
            "poly": [
                820,
                1409,
                1486,
                1409,
                1486,
                2040,
                820,
                2040
            ]
        },
        {
            "type": "page_number",
            "bbox": [
                0.062,
                0.959,
                0.086,
                0.973
            ],
            "angle": 0,
            "content": null,
            "poly": [
                102,
                2152,
                142,
                2152,
                142,
                2184,
                102,
                2184
            ]
        }
    ],
    [
        {
            "type": "header",
            "bbox": [
                0.668,
                0.048,
                0.917,
                0.069
            ],
            "angle": 0,
            "content": null,
            "poly": [
                1104,
                107,
                1516,
                107,
                1516,
                154,
                1104,
                154
            ]
        },
        {
            "type": "text",
            "bbox": [
                0.099,
                0.112,
                0.499,
                0.166
            ],
            "angle": 0,
            "content": null,
            "poly": [
                163,
                251,
                825,
                251,
                825,
                372,
                163,
                372
            ]
        },
        {
            "type": "title",
            "bbox": [
                0.1,
                0.17,
                0.175,
                0.185
            ],
            "angle": 0,
            "content": null,
            "poly": [
                165,
                381,
                289,
                381,
                289,
                415,
                165,
                415
            ]
        },
        {
            "type": "text",
            "bbox": [
                0.099,
                0.189,
                0.501,
                0.395
            ],
            "angle": 0,
            "content": null,
            "poly": [
                163,
                424,
                828,
                424,
                828,
                886,
                163,
                886
            ]
        },
        {
            "type": "title",
            "bbox": [
                0.101,
                0.418,
                0.5,
                0.44
            ],
            "angle": 0,
            "content": null,
            "poly": [
                167,
                938,
                827,
                938,
                827,
                987,
                167,
                987
            ]
        },
        {
            "type": "text",
            "bbox": [
                0.098,
                0.457,
                0.501,
                0.852
            ],
            "angle": 0,
            "content": null,
            "poly": [
                162,
                1025,
                828,
                1025,
                828,
                1912,
                162,
                1912
            ]
        },
        {
            "type": "text",
            "bbox": [
                0.098,
                0.854,
                0.502,
                0.909
            ],
            "angle": 0,
            "content": null,
            "poly": [
                162,
                1917,
                830,
                1917,
                830,
                2040,
                162,
                2040
            ]
        },
        {
            "type": "text",
            "bbox": [
                0.514,
                0.111,
                0.918,
                0.649
            ],
            "angle": 0,
            "content": null,
            "poly": [
                850,
                249,
                1518,
                249,
                1518,
                1457,
                850,
                1457
            ]
        },
        {
            "type": "text",
            "bbox": [
                0.514,
                0.651,
                0.919,
                0.909
            ],
            "angle": 0,
            "content": null,
            "poly": [
                850,
                1461,
                1520,
                1461,
                1520,
                2040,
                850,
                2040
            ]
        },
        {
            "type": "page_number",
            "bbox": [
                0.909,
                0.958,
                0.947,
                0.976
            ],
            "angle": 0,
            "content": null,
            "poly": [
                1503,
                2150,
                1566,
                2150,
                1566,
                2191,
                1503,
                2191
            ]
        }
    ],
    [
        {
            "type": "header",
            "bbox": [
                0.058,
                0.042,
                0.116,
                0.064
            ],
            "angle": 0,
            "content": null,
            "poly": [
                95,
                94,
                191,
                94,
                191,
                143,
                95,
                143
            ]
        },
        {
            "type": "header",
            "bbox": [
                0.178,
                0.048,
                0.428,
                0.069
            ],
            "angle": 0,
            "content": null,
            "poly": [
                294,
                107,
                707,
                107,
                707,
                154,
                294,
                154
            ]
        },
        {
            "type": "text",
            "bbox": [
                0.079,
                0.112,
                0.482,
                0.221
            ],
            "angle": 0,
            "content": null,
            "poly": [
                130,
                251,
                797,
                251,
                797,
                496,
                130,
                496
            ]
        },
        {
            "type": "text",
            "bbox": [
                0.08,
                0.223,
                0.482,
                0.314
            ],
            "angle": 0,
            "content": null,
            "poly": [
                132,
                500,
                797,
                500,
                797,
                704,
                132,
                704
            ]
        },
        {
            "type": "text",
            "bbox": [
                0.497,
                0.112,
                0.898,
                0.314
            ],
            "angle": 0,
            "content": null,
            "poly": [
                822,
                251,
                1485,
                251,
                1485,
                704,
                822,
                704
            ]
        },
        {
            "type": "image",
            "bbox": [
                0.086,
                0.318,
                0.896,
                0.576
            ],
            "angle": 0,
            "content": null
        },
        {
            "type": "image_caption",
            "bbox": [
                0.344,
                0.579,
                0.637,
                0.595
            ],
            "angle": 0,
            "content": null,
            "poly": [
                568,
                1299,
                1053,
                1299,
                1053,
                1335,
                568,
                1335
            ]
        },
        {
            "type": "title",
            "bbox": [
                0.081,
                0.6,
                0.168,
                0.623
            ],
            "angle": 0,
            "content": null,
            "poly": [
                133,
                1347,
                277,
                1347,
                277,
                1398,
                133,
                1398
            ]
        },
        {
            "type": "text",
            "bbox": [
                0.08,
                0.64,
                0.484,
                0.91
            ],
            "angle": 0,
            "content": null,
            "poly": [
                132,
                1436,
                800,
                1436,
                800,
                2042,
                132,
                2042
            ]
        },
        {
            "type": "text",
            "bbox": [
                0.497,
                0.604,
                0.899,
                0.659
            ],
            "angle": 0,
            "content": null,
            "poly": [
                822,
                1355,
                1486,
                1355,
                1486,
                1479,
                822,
                1479
            ]
        },
        {
            "type": "image",
            "bbox": [
                0.507,
                0.672,
                0.611,
                0.766
            ],
            "angle": 0,
            "content": null
        },
        {
            "type": "title",
            "bbox": [
                0.626,
                0.679,
                0.681,
                0.693
            ],
            "angle": 0,
            "content": null,
            "poly": [
                1035,
                1524,
                1126,
                1524,
                1126,
                1555,
                1035,
                1555
            ]
        },
        {
            "type": "text",
            "bbox": [
                0.624,
                0.696,
                0.899,
                0.737
            ],
            "angle": 0,
            "content": null,
            "poly": [
                1032,
                1562,
                1486,
                1562,
                1486,
                1654,
                1032,
                1654
            ]
        },
        {
            "type": "image",
            "bbox": [
                0.508,
                0.791,
                0.611,
                0.883
            ],
            "angle": 0,
            "content": null
        },
        {
            "type": "title",
            "bbox": [
                0.625,
                0.797,
                0.68,
                0.811
            ],
            "angle": 0,
            "content": null,
            "poly": [
                1033,
                1789,
                1124,
                1789,
                1124,
                1820,
                1033,
                1820
            ]
        },
        {
            "type": "text",
            "bbox": [
                0.624,
                0.814,
                0.898,
                0.854
            ],
            "angle": 0,
            "content": null,
            "poly": [
                1032,
                1827,
                1485,
                1827,
                1485,
                1917,
                1032,
                1917
            ]
        },
        {
            "type": "page_number",
            "bbox": [
                0.062,
                0.959,
                0.086,
                0.973
            ],
            "angle": 0,
            "content": null,
            "poly": [
                102,
                2152,
                142,
                2152,
                142,
                2184,
                102,
                2184
            ]
        }
    ],
    [
        {
            "type": "header",
            "bbox": [
                0.667,
                0.048,
                0.917,
                0.069
            ],
            "angle": 0,
            "content": null,
            "poly": [
                1103,
                107,
                1516,
                107,
                1516,
                154,
                1103,
                154
            ]
        },
        {
            "type": "title",
            "bbox": [
                0.117,
                0.119,
                0.218,
                0.14
            ],
            "angle": 0,
            "content": null,
            "poly": [
                193,
                267,
                360,
                267,
                360,
                314,
                193,
                314
            ]
        },
        {
            "type": "ref_text",
            "bbox": [
                0.108,
                0.158,
                0.49,
                0.208
            ],
            "angle": 0,
            "content": null,
            "poly": [
                178,
                354,
                810,
                354,
                810,
                466,
                178,
                466
            ]
        },
        {
            "type": "ref_text",
            "bbox": [
                0.109,
                0.211,
                0.49,
                0.259
            ],
            "angle": 0,
            "content": null,
            "poly": [
                180,
                473,
                810,
                473,
                810,
                581,
                180,
                581
            ]
        },
        {
            "type": "ref_text",
            "bbox": [
                0.109,
                0.263,
                0.489,
                0.312
            ],
            "angle": 0,
            "content": null,
            "poly": [
                180,
                590,
                808,
                590,
                808,
                700,
                180,
                700
            ]
        },
        {
            "type": "ref_text",
            "bbox": [
                0.109,
                0.315,
                0.489,
                0.347
            ],
            "angle": 0,
            "content": null,
            "poly": [
                180,
                707,
                808,
                707,
                808,
                779,
                180,
                779
            ]
        },
        {
            "type": "ref_text",
            "bbox": [
                0.109,
                0.351,
                0.49,
                0.382
            ],
            "angle": 0,
            "content": null,
            "poly": [
                180,
                787,
                810,
                787,
                810,
                857,
                180,
                857
            ]
        },
        {
            "type": "list",
            "bbox": [
                0.108,
                0.158,
                0.49,
                0.382
            ],
            "angle": 0,
            "content": null
        },
        {
            "type": "ref_text",
            "bbox": [
                0.554,
                0.112,
                0.854,
                0.127
            ],
            "angle": 0,
            "content": null,
            "poly": [
                916,
                251,
                1412,
                251,
                1412,
                285,
                916,
                285
            ]
        },
        {
            "type": "ref_text",
            "bbox": [
                0.527,
                0.129,
                0.906,
                0.178
            ],
            "angle": 0,
            "content": null,
            "poly": [
                871,
                289,
                1498,
                289,
                1498,
                399,
                871,
                399
            ]
        },
        {
            "type": "ref_text",
            "bbox": [
                0.526,
                0.18,
                0.906,
                0.228
            ],
            "angle": 0,
            "content": null,
            "poly": [
                870,
                404,
                1498,
                404,
                1498,
                511,
                870,
                511
            ]
        },
        {
            "type": "ref_text",
            "bbox": [
                0.526,
                0.231,
                0.906,
                0.279
            ],
            "angle": 0,
            "content": null,
            "poly": [
                870,
                518,
                1498,
                518,
                1498,
                626,
                870,
                626
            ]
        },
        {
            "type": "ref_text",
            "bbox": [
                0.526,
                0.282,
                0.906,
                0.331
            ],
            "angle": 0,
            "content": null,
            "poly": [
                870,
                633,
                1498,
                633,
                1498,
                743,
                870,
                743
            ]
        },
        {
            "type": "ref_text",
            "bbox": [
                0.526,
                0.334,
                0.906,
                0.382
            ],
            "angle": 0,
            "content": null,
            "poly": [
                870,
                749,
                1498,
                749,
                1498,
                857,
                870,
                857
            ]
        },
        {
            "type": "list",
            "bbox": [
                0.526,
                0.112,
                0.906,
                0.382
            ],
            "angle": 0,
            "content": null
        },
        {
            "type": "title",
            "bbox": [
                0.099,
                0.404,
                0.802,
                0.448
            ],
            "angle": 0,
            "content": null,
            "poly": [
                163,
                906,
                1326,
                906,
                1326,
                1005,
                163,
                1005
            ]
        },
        {
            "type": "text",
            "bbox": [
                0.099,
                0.453,
                0.282,
                0.468
            ],
            "angle": 0,
            "content": null,
            "poly": [
                163,
                1016,
                466,
                1016,
                466,
                1050,
                163,
                1050
            ]
        },
        {
            "type": "text",
            "bbox": [
                0.099,
                0.471,
                0.473,
                0.485
            ],
            "angle": 0,
            "content": null,
            "poly": [
                163,
                1057,
                782,
                1057,
                782,
                1088,
                163,
                1088
            ]
        },
        {
            "type": "text",
            "bbox": [
                0.098,
                0.495,
                0.918,
                0.657
            ],
            "angle": 0,
            "content": null,
            "poly": [
                162,
                1111,
                1518,
                1111,
                1518,
                1474,
                162,
                1474
            ]
        },
        {
            "type": "text",
            "bbox": [
                0.099,
                0.659,
                0.912,
                0.674
            ],
            "angle": 0,
            "content": null,
            "poly": [
                163,
                1479,
                1508,
                1479,
                1508,
                1513,
                163,
                1513
            ]
        },
        {
            "type": "text",
            "bbox": [
                0.098,
                0.684,
                0.918,
                0.806
            ],
            "angle": 0,
            "content": null,
            "poly": [
                162,
                1535,
                1518,
                1535,
                1518,
                1809,
                162,
                1809
            ]
        },
        {
            "type": "text",
            "bbox": [
                0.099,
                0.808,
                0.639,
                0.823
            ],
            "angle": 0,
            "content": null,
            "poly": [
                163,
                1813,
                1056,
                1813,
                1056,
                1847,
                163,
                1847
            ]
        },
        {
            "type": "text",
            "bbox": [
                0.099,
                0.839,
                0.249,
                0.852
            ],
            "angle": 0,
            "content": null,
            "poly": [
                163,
                1883,
                411,
                1883,
                411,
                1912,
                163,
                1912
            ]
        },
        {
            "type": "text",
            "bbox": [
                0.099,
                0.856,
                0.753,
                0.871
            ],
            "angle": 0,
            "content": null,
            "poly": [
                163,
                1921,
                1245,
                1921,
                1245,
                1955,
                163,
                1955
            ]
        },
        {
            "type": "text",
            "bbox": [
                0.099,
                0.875,
                0.914,
                0.906
            ],
            "angle": 0,
            "content": null,
            "poly": [
                163,
                1964,
                1511,
                1964,
                1511,
                2033,
                163,
                2033
            ]
        },
        {
            "type": "page_number",
            "bbox": [
                0.911,
                0.96,
                0.936,
                0.974
            ],
            "angle": 0,
            "content": null,
            "poly": [
                1506,
                2155,
                1548,
                2155,
                1548,
                2186,
                1506,
                2186
            ]
        }
    ]
]